"year","Precipitation"
2010,189.92679
2011,121.85519
2012,183.17793
2013,298.62555
2014,244.7676
2015,240.9783
2016,188.8192
2017,278.872
2018,240.03
2019,240.792
2020,185.928
