"year","Precipitation"
2007,254.59192
2008,287.28801
2009,211.4967
2010,205.70292
2011,131.44388
2012,137.67728
2013,273.01783
2014,218.09822
2015,277.79381
2016,205.16087
2017,233.88877
2018,227.36119
2019,230.4
2020,151.334
