"year","Precipitation"
2007,242.25892
2008,264.67626
2009,260.12247
2010,199.28991
2011,138.17431
2012,175.79222
2013,284.9671
2014,249.94581
2015,292.9934
2016,198.34302
2017,258.3749
2018,267.954
2019,248.92
2020,151.214
